position,hand,stack_bb,action,ev_bb,chart_type
SB,AA,15,PUSH,4.8,PUSH
SB,KK,15,PUSH,4.5,PUSH
SB,QQ,15,PUSH,4.2,PUSH
SB,JJ,15,PUSH,3.9,PUSH
SB,TT,15,PUSH,3.6,PUSH
SB,99,15,PUSH,3.3,PUSH
SB,88,15,PUSH,3.0,PUSH
SB,77,15,PUSH,2.7,PUSH
SB,66,15,PUSH,2.4,PUSH
SB,55,15,PUSH,2.1,PUSH
SB,44,15,PUSH,1.8,PUSH
SB,33,15,PUSH,1.5,PUSH
SB,22,15,PUSH,1.2,PUSH
SB,AKs,15,PUSH,4.6,PUSH
SB,AQs,15,PUSH,4.3,PUSH
SB,AJs,15,PUSH,4.0,PUSH
SB,ATs,15,PUSH,3.7,PUSH
SB,A9s,15,PUSH,3.4,PUSH
SB,A8s,15,PUSH,3.1,PUSH
SB,A7s,15,PUSH,2.8,PUSH
SB,A6s,15,PUSH,2.5,PUSH
SB,A5s,15,PUSH,2.2,PUSH
SB,A4s,15,PUSH,1.9,PUSH
SB,A3s,15,PUSH,1.6,PUSH
SB,A2s,15,PUSH,1.3,PUSH
SB,AKo,15,PUSH,4.4,PUSH
SB,AQo,15,PUSH,4.1,PUSH
SB,AJo,15,PUSH,3.8,PUSH
SB,ATo,15,PUSH,3.5,PUSH
SB,A9o,15,PUSH,3.2,PUSH
SB,A8o,15,PUSH,2.9,PUSH
SB,A7o,15,PUSH,2.6,PUSH
SB,A6o,15,PUSH,2.3,PUSH
SB,A5o,15,PUSH,2.0,PUSH
SB,A4o,15,PUSH,1.7,PUSH
SB,A3o,15,PUSH,1.4,PUSH
SB,A2o,15,PUSH,1.1,PUSH
SB,KQs,15,PUSH,3.9,PUSH
SB,KJs,15,PUSH,3.6,PUSH
SB,KTs,15,PUSH,3.3,PUSH
SB,K9s,15,PUSH,3.0,PUSH
SB,K8s,15,PUSH,2.7,PUSH
SB,K7s,15,PUSH,2.4,PUSH
SB,K6s,15,PUSH,2.1,PUSH
SB,K5s,15,PUSH,1.8,PUSH
SB,K4s,15,PUSH,1.5,PUSH
SB,K3s,15,PUSH,1.2,PUSH
SB,K2s,15,PUSH,0.9,PUSH
SB,KQo,15,PUSH,3.7,PUSH
SB,KJo,15,PUSH,3.4,PUSH
SB,KTo,15,PUSH,3.1,PUSH
SB,K9o,15,PUSH,2.8,PUSH
SB,K8o,15,PUSH,2.5,PUSH
SB,K7o,15,PUSH,2.2,PUSH
SB,K6o,15,PUSH,1.9,PUSH
SB,K5o,15,PUSH,1.6,PUSH
SB,K4o,15,PUSH,1.3,PUSH
SB,K3o,15,PUSH,1.0,PUSH
SB,K2o,15,PUSH,0.7,PUSH
SB,QJs,15,PUSH,3.5,PUSH
SB,QTs,15,PUSH,3.2,PUSH
SB,Q9s,15,PUSH,2.9,PUSH
SB,Q8s,15,PUSH,2.6,PUSH
SB,Q7s,15,PUSH,2.3,PUSH
SB,Q6s,15,PUSH,2.0,PUSH
SB,Q5s,15,PUSH,1.7,PUSH
SB,Q4s,15,PUSH,1.4,PUSH
SB,Q3s,15,PUSH,1.1,PUSH
SB,Q2s,15,PUSH,0.8,PUSH
SB,QJo,15,PUSH,3.3,PUSH
SB,QTo,15,PUSH,3.0,PUSH
SB,Q9o,15,PUSH,2.7,PUSH
SB,Q8o,15,PUSH,2.4,PUSH
SB,Q7o,15,PUSH,2.1,PUSH
SB,Q6o,15,PUSH,1.8,PUSH
SB,Q5o,15,PUSH,1.5,PUSH
SB,Q4o,15,PUSH,1.2,PUSH
SB,Q3o,15,PUSH,0.9,PUSH
SB,Q2o,15,PUSH,0.6,PUSH
SB,JTs,15,PUSH,3.1,PUSH
SB,J9s,15,PUSH,2.8,PUSH
SB,J8s,15,PUSH,2.5,PUSH
SB,J7s,15,PUSH,2.2,PUSH
SB,J6s,15,PUSH,1.9,PUSH
SB,J5s,15,PUSH,1.6,PUSH
SB,J4s,15,PUSH,1.3,PUSH
SB,J3s,15,PUSH,1.0,PUSH
SB,J2s,15,PUSH,0.7,PUSH
SB,JTo,15,PUSH,2.9,PUSH
SB,J9o,15,PUSH,2.6,PUSH
SB,J8o,15,PUSH,2.3,PUSH
SB,J7o,15,PUSH,2.0,PUSH
SB,J6o,15,PUSH,1.7,PUSH
SB,J5o,15,PUSH,1.4,PUSH
SB,J4o,15,PUSH,1.1,PUSH
SB,J3o,15,PUSH,0.8,PUSH
SB,J2o,15,PUSH,0.5,PUSH
SB,T9s,15,PUSH,2.7,PUSH
SB,T8s,15,PUSH,2.4,PUSH
SB,T7s,15,PUSH,2.1,PUSH
SB,T6s,15,PUSH,1.8,PUSH
SB,T5s,15,PUSH,1.5,PUSH
SB,T4s,15,PUSH,1.2,PUSH
SB,T3s,15,PUSH,0.9,PUSH
SB,T2s,15,PUSH,0.6,PUSH
SB,T9o,15,PUSH,2.5,PUSH
SB,T8o,15,PUSH,2.2,PUSH
SB,T7o,15,PUSH,1.9,PUSH
SB,T6o,15,PUSH,1.6,PUSH
SB,T5o,15,PUSH,1.3,PUSH
SB,T4o,15,PUSH,1.0,PUSH
SB,T3o,15,PUSH,0.7,PUSH
SB,T2o,15,PUSH,0.4,PUSH
SB,98s,15,PUSH,2.3,PUSH
SB,97s,15,PUSH,2.0,PUSH
SB,96s,15,PUSH,1.7,PUSH
SB,95s,15,PUSH,1.4,PUSH
SB,94s,15,PUSH,1.1,PUSH
SB,93s,15,PUSH,0.8,PUSH
SB,92s,15,PUSH,0.5,PUSH
SB,98o,15,PUSH,2.1,PUSH
SB,97o,15,PUSH,1.8,PUSH
SB,96o,15,PUSH,1.5,PUSH
SB,95o,15,PUSH,1.2,PUSH
SB,94o,15,PUSH,0.9,PUSH
SB,93o,15,PUSH,0.6,PUSH
SB,92o,15,PUSH,0.3,PUSH
SB,87s,15,PUSH,1.9,PUSH
SB,86s,15,PUSH,1.6,PUSH
SB,85s,15,PUSH,1.3,PUSH
SB,84s,15,PUSH,1.0,PUSH
SB,83s,15,PUSH,0.7,PUSH
SB,82s,15,PUSH,0.4,PUSH
SB,87o,15,PUSH,1.7,PUSH
SB,86o,15,PUSH,1.4,PUSH
SB,85o,15,PUSH,1.1,PUSH
SB,84o,15,PUSH,0.8,PUSH
SB,83o,15,PUSH,0.5,PUSH
SB,82o,15,PUSH,0.2,PUSH
SB,76s,15,PUSH,1.5,PUSH
SB,75s,15,PUSH,1.2,PUSH
SB,74s,15,PUSH,0.9,PUSH
SB,73s,15,PUSH,0.6,PUSH
SB,72s,15,PUSH,0.3,PUSH
SB,76o,15,PUSH,1.3,PUSH
SB,75o,15,PUSH,1.0,PUSH
SB,74o,15,PUSH,0.7,PUSH
SB,73o,15,PUSH,0.4,PUSH
SB,72o,15,FOLD,-0.5,PUSH
SB,65s,15,PUSH,1.1,PUSH
SB,64s,15,PUSH,0.8,PUSH
SB,63s,15,PUSH,0.5,PUSH
SB,62s,15,PUSH,0.2,PUSH
SB,65o,15,PUSH,0.9,PUSH
SB,64o,15,PUSH,0.6,PUSH
SB,63o,15,PUSH,0.3,PUSH
SB,62o,15,FOLD,-0.2,PUSH
SB,54s,15,PUSH,0.7,PUSH
SB,53s,15,PUSH,0.4,PUSH
SB,52s,15,PUSH,0.1,PUSH
SB,54o,15,PUSH,0.5,PUSH
SB,53o,15,PUSH,0.2,PUSH
SB,52o,15,FOLD,-0.3,PUSH
SB,43s,15,PUSH,0.3,PUSH
SB,42s,15,FOLD,-0.1,PUSH
SB,43o,15,PUSH,0.1,PUSH
SB,42o,15,FOLD,-0.4,PUSH
SB,32s,15,FOLD,-0.2,PUSH
SB,32o,15,FOLD,-0.5,PUSH
BTN,AA,15,PUSH,4.5,PUSH
BTN,KK,15,PUSH,4.2,PUSH
BTN,QQ,15,PUSH,3.9,PUSH
BTN,JJ,15,PUSH,3.6,PUSH
BTN,TT,15,PUSH,3.3,PUSH
BTN,99,15,PUSH,3.0,PUSH
BTN,88,15,PUSH,2.7,PUSH
BTN,77,15,PUSH,2.4,PUSH
BTN,66,15,PUSH,2.1,PUSH
BTN,55,15,PUSH,1.8,PUSH
BTN,44,15,PUSH,1.5,PUSH
BTN,33,15,PUSH,1.2,PUSH
BTN,22,15,PUSH,0.9,PUSH
BTN,AKs,15,PUSH,4.3,PUSH
BTN,AQs,15,PUSH,4.0,PUSH
BTN,AJs,15,PUSH,3.7,PUSH
BTN,ATs,15,PUSH,3.4,PUSH
BTN,A9s,15,PUSH,3.1,PUSH
BTN,A8s,15,PUSH,2.8,PUSH
BTN,A7s,15,PUSH,2.5,PUSH
BTN,A6s,15,PUSH,2.2,PUSH
BTN,A5s,15,PUSH,1.9,PUSH
BTN,A4s,15,PUSH,1.6,PUSH
BTN,A3s,15,PUSH,1.3,PUSH
BTN,A2s,15,PUSH,1.0,PUSH
BTN,AKo,15,PUSH,4.1,PUSH
BTN,AQo,15,PUSH,3.8,PUSH
BTN,AJo,15,PUSH,3.5,PUSH
BTN,ATo,15,PUSH,3.2,PUSH
BTN,A9o,15,PUSH,2.9,PUSH
BTN,A8o,15,PUSH,2.6,PUSH
BTN,A7o,15,PUSH,2.3,PUSH
BTN,A6o,15,PUSH,2.0,PUSH
BTN,A5o,15,PUSH,1.7,PUSH
BTN,A4o,15,PUSH,1.4,PUSH
BTN,A3o,15,PUSH,1.1,PUSH
BTN,A2o,15,PUSH,0.8,PUSH
BTN,KQs,15,PUSH,3.6,PUSH
BTN,KJs,15,PUSH,3.3,PUSH
BTN,KTs,15,PUSH,3.0,PUSH
BTN,K9s,15,PUSH,2.7,PUSH
BTN,K8s,15,PUSH,2.4,PUSH
BTN,K7s,15,PUSH,2.1,PUSH
BTN,K6s,15,PUSH,1.8,PUSH
BTN,K5s,15,PUSH,1.5,PUSH
BTN,K4s,15,PUSH,1.2,PUSH
BTN,K3s,15,PUSH,0.9,PUSH
BTN,K2s,15,PUSH,0.6,PUSH
BTN,KQo,15,PUSH,3.4,PUSH
BTN,KJo,15,PUSH,3.1,PUSH
BTN,KTo,15,PUSH,2.8,PUSH
BTN,K9o,15,PUSH,2.5,PUSH
BTN,K8o,15,PUSH,2.2,PUSH
BTN,K7o,15,PUSH,1.9,PUSH
BTN,K6o,15,PUSH,1.6,PUSH
BTN,K5o,15,PUSH,1.3,PUSH
BTN,K4o,15,PUSH,1.0,PUSH
BTN,K3o,15,PUSH,0.7,PUSH
BTN,K2o,15,PUSH,0.4,PUSH
BTN,QJs,15,PUSH,3.2,PUSH
BTN,QTs,15,PUSH,2.9,PUSH
BTN,Q9s,15,PUSH,2.6,PUSH
BTN,Q8s,15,PUSH,2.3,PUSH
BTN,Q7s,15,PUSH,2.0,PUSH
BTN,Q6s,15,PUSH,1.7,PUSH
BTN,Q5s,15,PUSH,1.4,PUSH
BTN,Q4s,15,PUSH,1.1,PUSH
BTN,Q3s,15,PUSH,0.8,PUSH
BTN,Q2s,15,PUSH,0.5,PUSH
BTN,QJo,15,PUSH,3.0,PUSH
BTN,QTo,15,PUSH,2.7,PUSH
BTN,Q9o,15,PUSH,2.4,PUSH
BTN,Q8o,15,PUSH,2.1,PUSH
BTN,Q7o,15,PUSH,1.8,PUSH
BTN,Q6o,15,PUSH,1.5,PUSH
BTN,Q5o,15,PUSH,1.2,PUSH
BTN,Q4o,15,PUSH,0.9,PUSH
BTN,Q3o,15,PUSH,0.6,PUSH
BTN,Q2o,15,PUSH,0.3,PUSH
BTN,JTs,15,PUSH,2.8,PUSH
BTN,J9s,15,PUSH,2.5,PUSH
BTN,J8s,15,PUSH,2.2,PUSH
BTN,J7s,15,PUSH,1.9,PUSH
BTN,J6s,15,PUSH,1.6,PUSH
BTN,J5s,15,PUSH,1.3,PUSH
BTN,J4s,15,PUSH,1.0,PUSH
BTN,J3s,15,PUSH,0.7,PUSH
BTN,J2s,15,PUSH,0.4,PUSH
BTN,JTo,15,PUSH,2.6,PUSH
BTN,J9o,15,PUSH,2.3,PUSH
BTN,J8o,15,PUSH,2.0,PUSH
BTN,J7o,15,PUSH,1.7,PUSH
BTN,J6o,15,PUSH,1.4,PUSH
BTN,J5o,15,PUSH,1.1,PUSH
BTN,J4o,15,PUSH,0.8,PUSH
BTN,J3o,15,PUSH,0.5,PUSH
BTN,J2o,15,PUSH,0.2,PUSH
BTN,T9s,15,PUSH,2.4,PUSH
BTN,T8s,15,PUSH,2.1,PUSH
BTN,T7s,15,PUSH,1.8,PUSH
BTN,T6s,15,PUSH,1.5,PUSH
BTN,T5s,15,PUSH,1.2,PUSH
BTN,T4s,15,PUSH,0.9,PUSH
BTN,T3s,15,PUSH,0.6,PUSH
BTN,T2s,15,PUSH,0.3,PUSH
BTN,T9o,15,PUSH,2.2,PUSH
BTN,T8o,15,PUSH,1.9,PUSH
BTN,T7o,15,PUSH,1.6,PUSH
BTN,T6o,15,PUSH,1.3,PUSH
BTN,T5o,15,PUSH,1.0,PUSH
BTN,T4o,15,PUSH,0.7,PUSH
BTN,T3o,15,PUSH,0.4,PUSH
BTN,T2o,15,PUSH,0.1,PUSH
BTN,98s,15,PUSH,2.0,PUSH
BTN,97s,15,PUSH,1.7,PUSH
BTN,96s,15,PUSH,1.4,PUSH
BTN,95s,15,PUSH,1.1,PUSH
BTN,94s,15,PUSH,0.8,PUSH
BTN,93s,15,PUSH,0.5,PUSH
BTN,92s,15,PUSH,0.2,PUSH
BTN,98o,15,PUSH,1.8,PUSH
BTN,97o,15,PUSH,1.5,PUSH
BTN,96o,15,PUSH,1.2,PUSH
BTN,95o,15,PUSH,0.9,PUSH
BTN,94o,15,PUSH,0.6,PUSH
BTN,93o,15,PUSH,0.3,PUSH
BTN,92o,15,FOLD,-0.1,PUSH
BTN,87s,15,PUSH,1.6,PUSH
BTN,86s,15,PUSH,1.3,PUSH
BTN,85s,15,PUSH,1.0,PUSH
BTN,84s,15,PUSH,0.7,PUSH
BTN,83s,15,PUSH,0.4,PUSH
BTN,82s,15,PUSH,0.1,PUSH
BTN,87o,15,PUSH,1.4,PUSH
BTN,86o,15,PUSH,1.1,PUSH
BTN,85o,15,PUSH,0.8,PUSH
BTN,84o,15,PUSH,0.5,PUSH
BTN,83o,15,PUSH,0.2,PUSH
BTN,82o,15,FOLD,-0.2,PUSH
BTN,76s,15,PUSH,1.2,PUSH
BTN,75s,15,PUSH,0.9,PUSH
BTN,74s,15,PUSH,0.6,PUSH
BTN,73s,15,PUSH,0.3,PUSH
BTN,72s,15,FOLD,-0.1,PUSH
BTN,76o,15,PUSH,1.0,PUSH
BTN,75o,15,PUSH,0.7,PUSH
BTN,74o,15,PUSH,0.4,PUSH
BTN,73o,15,PUSH,0.1,PUSH
BTN,72o,15,FOLD,-0.5,PUSH
BTN,65s,15,PUSH,0.8,PUSH
BTN,64s,15,PUSH,0.5,PUSH
BTN,63s,15,PUSH,0.2,PUSH
BTN,62s,15,FOLD,-0.2,PUSH
BTN,65o,15,PUSH,0.6,PUSH
BTN,64o,15,PUSH,0.3,PUSH
BTN,63o,15,FOLD,-0.1,PUSH
BTN,62o,15,FOLD,-0.4,PUSH
BTN,54s,15,PUSH,0.4,PUSH
BTN,53s,15,PUSH,0.1,PUSH
BTN,52s,15,FOLD,-0.3,PUSH
BTN,54o,15,PUSH,0.2,PUSH
BTN,53o,15,FOLD,-0.2,PUSH
BTN,52o,15,FOLD,-0.5,PUSH
BTN,43s,15,FOLD,-0.1,PUSH
BTN,42s,15,FOLD,-0.4,PUSH
BTN,43o,15,FOLD,-0.3,PUSH
BTN,42o,15,FOLD,-0.6,PUSH
BTN,32s,15,FOLD,-0.5,PUSH
BTN,32o,15,FOLD,-0.7,PUSH
CO,AA,15,PUSH,4.2,PUSH
CO,KK,15,PUSH,3.9,PUSH
CO,QQ,15,PUSH,3.6,PUSH
CO,JJ,15,PUSH,3.3,PUSH
CO,TT,15,PUSH,3.0,PUSH
CO,99,15,PUSH,2.7,PUSH
CO,88,15,PUSH,2.4,PUSH
CO,77,15,PUSH,2.1,PUSH
CO,66,15,PUSH,1.8,PUSH
CO,55,15,PUSH,1.5,PUSH
CO,44,15,PUSH,1.2,PUSH
CO,33,15,PUSH,0.9,PUSH
CO,22,15,PUSH,0.6,PUSH
CO,AKs,15,PUSH,4.0,PUSH
CO,AQs,15,PUSH,3.7,PUSH
CO,AJs,15,PUSH,3.4,PUSH
CO,ATs,15,PUSH,3.1,PUSH
CO,A9s,15,PUSH,2.8,PUSH
CO,A8s,15,PUSH,2.5,PUSH
CO,A7s,15,PUSH,2.2,PUSH
CO,A6s,15,PUSH,1.9,PUSH
CO,A5s,15,PUSH,1.6,PUSH
CO,A4s,15,PUSH,1.3,PUSH
CO,A3s,15,PUSH,1.0,PUSH
CO,A2s,15,PUSH,0.7,PUSH
CO,AKo,15,PUSH,3.8,PUSH
CO,AQo,15,PUSH,3.5,PUSH
CO,AJo,15,PUSH,3.2,PUSH
CO,ATo,15,PUSH,2.9,PUSH
CO,A9o,15,PUSH,2.6,PUSH
CO,A8o,15,PUSH,2.3,PUSH
CO,A7o,15,PUSH,2.0,PUSH
CO,A6o,15,PUSH,1.7,PUSH
CO,A5o,15,PUSH,1.4,PUSH
CO,A4o,15,PUSH,1.1,PUSH
CO,A3o,15,PUSH,0.8,PUSH
CO,A2o,15,PUSH,0.5,PUSH
CO,KQs,15,PUSH,3.3,PUSH
CO,KJs,15,PUSH,3.0,PUSH
CO,KTs,15,PUSH,2.7,PUSH
CO,K9s,15,PUSH,2.4,PUSH
CO,K8s,15,PUSH,2.1,PUSH
CO,K7s,15,PUSH,1.8,PUSH
CO,K6s,15,PUSH,1.5,PUSH
CO,K5s,15,PUSH,1.2,PUSH
CO,K4s,15,PUSH,0.9,PUSH
CO,K3s,15,PUSH,0.6,PUSH
CO,K2s,15,PUSH,0.3,PUSH
CO,KQo,15,PUSH,3.1,PUSH
CO,KJo,15,PUSH,2.8,PUSH
CO,KTo,15,PUSH,2.5,PUSH
CO,K9o,15,PUSH,2.2,PUSH
CO,K8o,15,PUSH,1.9,PUSH
CO,K7o,15,PUSH,1.6,PUSH
CO,K6o,15,PUSH,1.3,PUSH
CO,K5o,15,PUSH,1.0,PUSH
CO,K4o,15,PUSH,0.7,PUSH
CO,K3o,15,PUSH,0.4,PUSH
CO,K2o,15,PUSH,0.1,PUSH
CO,QJs,15,PUSH,2.9,PUSH
CO,QTs,15,PUSH,2.6,PUSH
CO,Q9s,15,PUSH,2.3,PUSH
CO,Q8s,15,PUSH,2.0,PUSH
CO,Q7s,15,PUSH,1.7,PUSH
CO,Q6s,15,PUSH,1.4,PUSH
CO,Q5s,15,PUSH,1.1,PUSH
CO,Q4s,15,PUSH,0.8,PUSH
CO,Q3s,15,PUSH,0.5,PUSH
CO,Q2s,15,PUSH,0.2,PUSH
CO,QJo,15,PUSH,2.7,PUSH
CO,QTo,15,PUSH,2.4,PUSH
CO,Q9o,15,PUSH,2.1,PUSH
CO,Q8o,15,PUSH,1.8,PUSH
CO,Q7o,15,PUSH,1.5,PUSH
CO,Q6o,15,PUSH,1.2,PUSH
CO,Q5o,15,PUSH,0.9,PUSH
CO,Q4o,15,PUSH,0.6,PUSH
CO,Q3o,15,PUSH,0.3,PUSH
CO,Q2o,15,FOLD,-0.1,PUSH
CO,JTs,15,PUSH,2.5,PUSH
CO,J9s,15,PUSH,2.2,PUSH
CO,J8s,15,PUSH,1.9,PUSH
CO,J7s,15,PUSH,1.6,PUSH
CO,J6s,15,PUSH,1.3,PUSH
CO,J5s,15,PUSH,1.0,PUSH
CO,J4s,15,PUSH,0.7,PUSH
CO,J3s,15,PUSH,0.4,PUSH
CO,J2s,15,PUSH,0.1,PUSH
CO,JTo,15,PUSH,2.3,PUSH
CO,J9o,15,PUSH,2.0,PUSH
CO,J8o,15,PUSH,1.7,PUSH
CO,J7o,15,PUSH,1.4,PUSH
CO,J6o,15,PUSH,1.1,PUSH
CO,J5o,15,PUSH,0.8,PUSH
CO,J4o,15,PUSH,0.5,PUSH
CO,J3o,15,PUSH,0.2,PUSH
CO,J2o,15,FOLD,-0.2,PUSH
CO,T9s,15,PUSH,2.1,PUSH
CO,T8s,15,PUSH,1.8,PUSH
CO,T7s,15,PUSH,1.5,PUSH
CO,T6s,15,PUSH,1.2,PUSH
CO,T5s,15,PUSH,0.9,PUSH
CO,T4s,15,PUSH,0.6,PUSH
CO,T3s,15,PUSH,0.3,PUSH
CO,T2s,15,FOLD,-0.1,PUSH
CO,T9o,15,PUSH,1.9,PUSH
CO,T8o,15,PUSH,1.6,PUSH
CO,T7o,15,PUSH,1.3,PUSH
CO,T6o,15,PUSH,1.0,PUSH
CO,T5o,15,PUSH,0.7,PUSH
CO,T4o,15,PUSH,0.4,PUSH
CO,T3o,15,PUSH,0.1,PUSH
CO,T2o,15,FOLD,-0.3,PUSH
CO,98s,15,PUSH,1.7,PUSH
CO,97s,15,PUSH,1.4,PUSH
CO,96s,15,PUSH,1.1,PUSH
CO,95s,15,PUSH,0.8,PUSH
CO,94s,15,PUSH,0.5,PUSH
CO,93s,15,PUSH,0.2,PUSH
CO,92s,15,FOLD,-0.2,PUSH
CO,98o,15,PUSH,1.5,PUSH
CO,97o,15,PUSH,1.2,PUSH
CO,96o,15,PUSH,0.9,PUSH
CO,95o,15,PUSH,0.6,PUSH
CO,94o,15,PUSH,0.3,PUSH
CO,93o,15,FOLD,-0.1,PUSH
CO,92o,15,FOLD,-0.4,PUSH
CO,87s,15,PUSH,1.3,PUSH
CO,86s,15,PUSH,1.0,PUSH
CO,85s,15,PUSH,0.7,PUSH
CO,84s,15,PUSH,0.4,PUSH
CO,83s,15,PUSH,0.1,PUSH
CO,82s,15,FOLD,-0.3,PUSH
CO,87o,15,PUSH,1.1,PUSH
CO,86o,15,PUSH,0.8,PUSH
CO,85o,15,PUSH,0.5,PUSH
CO,84o,15,PUSH,0.2,PUSH
CO,83o,15,FOLD,-0.2,PUSH
CO,82o,15,FOLD,-0.5,PUSH
CO,76s,15,PUSH,0.9,PUSH
CO,75s,15,PUSH,0.6,PUSH
CO,74s,15,PUSH,0.3,PUSH
CO,73s,15,FOLD,-0.1,PUSH
CO,72s,15,FOLD,-0.4,PUSH
CO,76o,15,PUSH,0.7,PUSH
CO,75o,15,PUSH,0.4,PUSH
CO,74o,15,PUSH,0.1,PUSH
CO,73o,15,FOLD,-0.3,PUSH
CO,72o,15,FOLD,-0.6,PUSH
CO,65s,15,PUSH,0.5,PUSH
CO,64s,15,PUSH,0.2,PUSH
CO,63s,15,FOLD,-0.2,PUSH
CO,62s,15,FOLD,-0.5,PUSH
CO,65o,15,PUSH,0.3,PUSH
CO,64o,15,FOLD,-0.1,PUSH
CO,63o,15,FOLD,-0.4,PUSH
CO,62o,15,FOLD,-0.7,PUSH
CO,54s,15,PUSH,0.1,PUSH
CO,53s,15,FOLD,-0.3,PUSH
CO,52s,15,FOLD,-0.6,PUSH
CO,54o,15,FOLD,-0.2,PUSH
CO,53o,15,FOLD,-0.5,PUSH
CO,52o,15,FOLD,-0.8,PUSH
CO,43s,15,FOLD,-0.4,PUSH
CO,42s,15,FOLD,-0.7,PUSH
CO,43o,15,FOLD,-0.6,PUSH
CO,42o,15,FOLD,-0.9,PUSH
CO,32s,15,FOLD,-0.8,PUSH
CO,32o,15,FOLD,-1.0,PUSH
HJ,AA,15,PUSH,3.9,PUSH
HJ,KK,15,PUSH,3.6,PUSH
HJ,QQ,15,PUSH,3.3,PUSH
HJ,JJ,15,PUSH,3.0,PUSH
HJ,TT,15,PUSH,2.7,PUSH
HJ,99,15,PUSH,2.4,PUSH
HJ,88,15,PUSH,2.1,PUSH
HJ,77,15,PUSH,1.8,PUSH
HJ,66,15,PUSH,1.5,PUSH
HJ,55,15,PUSH,1.2,PUSH
HJ,44,15,PUSH,0.9,PUSH
HJ,33,15,PUSH,0.6,PUSH
HJ,22,15,FOLD,-0.1,PUSH
HJ,AKs,15,PUSH,3.7,PUSH
HJ,AQs,15,PUSH,3.4,PUSH
HJ,AJs,15,PUSH,3.1,PUSH
HJ,ATs,15,PUSH,2.8,PUSH
HJ,A9s,15,PUSH,2.5,PUSH
HJ,A8s,15,PUSH,2.2,PUSH
HJ,A7s,15,PUSH,1.9,PUSH
HJ,A6s,15,PUSH,1.6,PUSH
HJ,A5s,15,PUSH,1.3,PUSH
HJ,A4s,15,PUSH,1.0,PUSH
HJ,A3s,15,PUSH,0.7,PUSH
HJ,A2s,15,PUSH,0.4,PUSH
HJ,AKo,15,PUSH,3.5,PUSH
HJ,AQo,15,PUSH,3.2,PUSH
HJ,AJo,15,PUSH,2.9,PUSH
HJ,ATo,15,PUSH,2.6,PUSH
HJ,A9o,15,PUSH,2.3,PUSH
HJ,A8o,15,PUSH,2.0,PUSH
HJ,A7o,15,PUSH,1.7,PUSH
HJ,A6o,15,PUSH,1.4,PUSH
HJ,A5o,15,PUSH,1.1,PUSH
HJ,A4o,15,PUSH,0.8,PUSH
HJ,A3o,15,PUSH,0.5,PUSH
HJ,A2o,15,PUSH,0.2,PUSH
HJ,KQs,15,PUSH,3.0,PUSH
HJ,KJs,15,PUSH,2.7,PUSH
HJ,KTs,15,PUSH,2.4,PUSH
HJ,K9s,15,PUSH,2.1,PUSH
HJ,K8s,15,PUSH,1.8,PUSH
HJ,K7s,15,PUSH,1.5,PUSH
HJ,K6s,15,PUSH,1.2,PUSH
HJ,K5s,15,PUSH,0.9,PUSH
HJ,K4s,15,PUSH,0.6,PUSH
HJ,K3s,15,PUSH,0.3,PUSH
HJ,K2s,15,FOLD,-0.1,PUSH
HJ,KQo,15,PUSH,2.8,PUSH
HJ,KJo,15,PUSH,2.5,PUSH
HJ,KTo,15,PUSH,2.2,PUSH
HJ,K9o,15,PUSH,1.9,PUSH
HJ,K8o,15,PUSH,1.6,PUSH
HJ,K7o,15,PUSH,1.3,PUSH
HJ,K6o,15,PUSH,1.0,PUSH
HJ,K5o,15,PUSH,0.7,PUSH
HJ,K4o,15,PUSH,0.4,PUSH
HJ,K3o,15,PUSH,0.1,PUSH
HJ,K2o,15,FOLD,-0.3,PUSH
HJ,QJs,15,PUSH,2.6,PUSH
HJ,QTs,15,PUSH,2.3,PUSH
HJ,Q9s,15,PUSH,2.0,PUSH
HJ,Q8s,15,PUSH,1.7,PUSH
HJ,Q7s,15,PUSH,1.4,PUSH
HJ,Q6s,15,PUSH,1.1,PUSH
HJ,Q5s,15,PUSH,0.8,PUSH
HJ,Q4s,15,PUSH,0.5,PUSH
HJ,Q3s,15,PUSH,0.2,PUSH
HJ,Q2s,15,FOLD,-0.2,PUSH
HJ,QJo,15,PUSH,2.4,PUSH
HJ,QTo,15,PUSH,2.1,PUSH
HJ,Q9o,15,PUSH,1.8,PUSH
HJ,Q8o,15,PUSH,1.5,PUSH
HJ,Q7o,15,PUSH,1.2,PUSH
HJ,Q6o,15,PUSH,0.9,PUSH
HJ,Q5o,15,PUSH,0.6,PUSH
HJ,Q4o,15,PUSH,0.3,PUSH
HJ,Q3o,15,FOLD,-0.1,PUSH
HJ,Q2o,15,FOLD,-0.4,PUSH
HJ,JTs,15,PUSH,2.2,PUSH
HJ,J9s,15,PUSH,1.9,PUSH
HJ,J8s,15,PUSH,1.6,PUSH
HJ,J7s,15,PUSH,1.3,PUSH
HJ,J6s,15,PUSH,1.0,PUSH
HJ,J5s,15,PUSH,0.7,PUSH
HJ,J4s,15,PUSH,0.4,PUSH
HJ,J3s,15,PUSH,0.1,PUSH
HJ,J2s,15,FOLD,-0.3,PUSH
HJ,JTo,15,PUSH,2.0,PUSH
HJ,J9o,15,PUSH,1.7,PUSH
HJ,J8o,15,PUSH,1.4,PUSH
HJ,J7o,15,PUSH,1.1,PUSH
HJ,J6o,15,PUSH,0.8,PUSH
HJ,J5o,15,PUSH,0.5,PUSH
HJ,J4o,15,PUSH,0.2,PUSH
HJ,J3o,15,FOLD,-0.2,PUSH
HJ,J2o,15,FOLD,-0.5,PUSH
HJ,T9s,15,PUSH,1.8,PUSH
HJ,T8s,15,PUSH,1.5,PUSH
HJ,T7s,15,PUSH,1.2,PUSH
HJ,T6s,15,PUSH,0.9,PUSH
HJ,T5s,15,PUSH,0.6,PUSH
HJ,T4s,15,PUSH,0.3,PUSH
HJ,T3s,15,FOLD,-0.1,PUSH
HJ,T2s,15,FOLD,-0.4,PUSH
HJ,T9o,15,PUSH,1.6,PUSH
HJ,T8o,15,PUSH,1.3,PUSH
HJ,T7o,15,PUSH,1.0,PUSH
HJ,T6o,15,PUSH,0.7,PUSH
HJ,T5o,15,PUSH,0.4,PUSH
HJ,T4o,15,PUSH,0.1,PUSH
HJ,T3o,15,FOLD,-0.3,PUSH
HJ,T2o,15,FOLD,-0.6,PUSH
HJ,98s,15,PUSH,1.4,PUSH
HJ,97s,15,PUSH,1.1,PUSH
HJ,96s,15,PUSH,0.8,PUSH
HJ,95s,15,PUSH,0.5,PUSH
HJ,94s,15,PUSH,0.2,PUSH
HJ,93s,15,FOLD,-0.2,PUSH
HJ,92s,15,FOLD,-0.5,PUSH
HJ,98o,15,PUSH,1.2,PUSH
HJ,97o,15,PUSH,0.9,PUSH
HJ,96o,15,PUSH,0.6,PUSH
HJ,95o,15,PUSH,0.3,PUSH
HJ,94o,15,FOLD,-0.1,PUSH
HJ,93o,15,FOLD,-0.4,PUSH
HJ,92o,15,FOLD,-0.7,PUSH
HJ,87s,15,PUSH,1.0,PUSH
HJ,86s,15,PUSH,0.7,PUSH
HJ,85s,15,PUSH,0.4,PUSH
HJ,84s,15,PUSH,0.1,PUSH
HJ,83s,15,FOLD,-0.3,PUSH
HJ,82s,15,FOLD,-0.6,PUSH
HJ,87o,15,PUSH,0.8,PUSH
HJ,86o,15,PUSH,0.5,PUSH
HJ,85o,15,PUSH,0.2,PUSH
HJ,84o,15,FOLD,-0.2,PUSH
HJ,83o,15,FOLD,-0.5,PUSH
HJ,82o,15,FOLD,-0.8,PUSH
HJ,76s,15,PUSH,0.6,PUSH
HJ,75s,15,PUSH,0.3,PUSH
HJ,74s,15,FOLD,-0.1,PUSH
HJ,73s,15,FOLD,-0.4,PUSH
HJ,72s,15,FOLD,-0.7,PUSH
HJ,76o,15,PUSH,0.4,PUSH
HJ,75o,15,PUSH,0.1,PUSH
HJ,74o,15,FOLD,-0.3,PUSH
HJ,73o,15,FOLD,-0.6,PUSH
HJ,72o,15,FOLD,-0.9,PUSH
HJ,65s,15,PUSH,0.2,PUSH
HJ,64s,15,FOLD,-0.2,PUSH
HJ,63s,15,FOLD,-0.5,PUSH
HJ,62s,15,FOLD,-0.8,PUSH
HJ,65o,15,FOLD,-0.1,PUSH
HJ,64o,15,FOLD,-0.4,PUSH
HJ,63o,15,FOLD,-0.7,PUSH
HJ,62o,15,FOLD,-1.0,PUSH
HJ,54s,15,FOLD,-0.3,PUSH
HJ,53s,15,FOLD,-0.6,PUSH
HJ,52s,15,FOLD,-0.9,PUSH
HJ,54o,15,FOLD,-0.5,PUSH
HJ,53o,15,FOLD,-0.8,PUSH
HJ,52o,15,FOLD,-1.1,PUSH
HJ,43s,15,FOLD,-0.7,PUSH
HJ,42s,15,FOLD,-1.0,PUSH
HJ,43o,15,FOLD,-0.9,PUSH
HJ,42o,15,FOLD,-1.2,PUSH
HJ,32s,15,FOLD,-1.1,PUSH
HJ,32o,15,FOLD,-1.3,PUSH
MP,AA,15,PUSH,3.6,PUSH
MP,KK,15,PUSH,3.3,PUSH
MP,QQ,15,PUSH,3.0,PUSH
MP,JJ,15,PUSH,2.7,PUSH
MP,TT,15,PUSH,2.4,PUSH
MP,99,15,PUSH,2.1,PUSH
MP,88,15,PUSH,1.8,PUSH
MP,77,15,PUSH,1.5,PUSH
MP,66,15,PUSH,1.2,PUSH
MP,55,15,PUSH,0.9,PUSH
MP,44,15,FOLD,-0.1,PUSH
MP,33,15,FOLD,-0.3,PUSH
MP,22,15,FOLD,-0.5,PUSH
MP,AKs,15,PUSH,3.4,PUSH
MP,AQs,15,PUSH,3.1,PUSH
MP,AJs,15,PUSH,2.8,PUSH
MP,ATs,15,PUSH,2.5,PUSH
MP,A9s,15,PUSH,2.2,PUSH
MP,A8s,15,PUSH,1.9,PUSH
MP,A7s,15,PUSH,1.6,PUSH
MP,A6s,15,PUSH,1.3,PUSH
MP,A5s,15,PUSH,1.0,PUSH
MP,A4s,15,PUSH,0.7,PUSH
MP,A3s,15,PUSH,0.4,PUSH
MP,A2s,15,PUSH,0.1,PUSH
MP,AKo,15,PUSH,3.2,PUSH
MP,AQo,15,PUSH,2.9,PUSH
MP,AJo,15,PUSH,2.6,PUSH
MP,ATo,15,PUSH,2.3,PUSH
MP,A9o,15,PUSH,2.0,PUSH
MP,A8o,15,PUSH,1.7,PUSH
MP,A7o,15,PUSH,1.4,PUSH
MP,A6o,15,PUSH,1.1,PUSH
MP,A5o,15,PUSH,0.8,PUSH
MP,A4o,15,PUSH,0.5,PUSH
MP,A3o,15,PUSH,0.2,PUSH
MP,A2o,15,FOLD,-0.2,PUSH
MP,KQs,15,PUSH,2.7,PUSH
MP,KJs,15,PUSH,2.4,PUSH
MP,KTs,15,PUSH,2.1,PUSH
MP,K9s,15,PUSH,1.8,PUSH
MP,K8s,15,PUSH,1.5,PUSH
MP,K7s,15,PUSH,1.2,PUSH
MP,K6s,15,PUSH,0.9,PUSH
MP,K5s,15,PUSH,0.6,PUSH
MP,K4s,15,PUSH,0.3,PUSH
MP,K3s,15,FOLD,-0.1,PUSH
MP,K2s,15,FOLD,-0.4,PUSH
MP,KQo,15,PUSH,2.5,PUSH
MP,KJo,15,PUSH,2.2,PUSH
MP,KTo,15,PUSH,1.9,PUSH
MP,K9o,15,PUSH,1.6,PUSH
MP,K8o,15,PUSH,1.3,PUSH
MP,K7o,15,PUSH,1.0,PUSH
MP,K6o,15,PUSH,0.7,PUSH
MP,K5o,15,PUSH,0.4,PUSH
MP,K4o,15,PUSH,0.1,PUSH
MP,K3o,15,FOLD,-0.3,PUSH
MP,K2o,15,FOLD,-0.6,PUSH
MP,QJs,15,PUSH,2.3,PUSH
MP,QTs,15,PUSH,2.0,PUSH
MP,Q9s,15,PUSH,1.7,PUSH
MP,Q8s,15,PUSH,1.4,PUSH
MP,Q7s,15,PUSH,1.1,PUSH
MP,Q6s,15,PUSH,0.8,PUSH
MP,Q5s,15,PUSH,0.5,PUSH
MP,Q4s,15,PUSH,0.2,PUSH
MP,Q3s,15,FOLD,-0.2,PUSH
MP,Q2s,15,FOLD,-0.5,PUSH
MP,QJo,15,PUSH,2.1,PUSH
MP,QTo,15,PUSH,1.8,PUSH
MP,Q9o,15,PUSH,1.5,PUSH
MP,Q8o,15,PUSH,1.2,PUSH
MP,Q7o,15,PUSH,0.9,PUSH
MP,Q6o,15,PUSH,0.6,PUSH
MP,Q5o,15,PUSH,0.3,PUSH
MP,Q4o,15,FOLD,-0.1,PUSH
MP,Q3o,15,FOLD,-0.4,PUSH
MP,Q2o,15,FOLD,-0.7,PUSH
MP,JTs,15,PUSH,1.9,PUSH
MP,J9s,15,PUSH,1.6,PUSH
MP,J8s,15,PUSH,1.3,PUSH
MP,J7s,15,PUSH,1.0,PUSH
MP,J6s,15,PUSH,0.7,PUSH
MP,J5s,15,PUSH,0.4,PUSH
MP,J4s,15,PUSH,0.1,PUSH
MP,J3s,15,FOLD,-0.3,PUSH
MP,J2s,15,FOLD,-0.6,PUSH
MP,JTo,15,PUSH,1.7,PUSH
MP,J9o,15,PUSH,1.4,PUSH
MP,J8o,15,PUSH,1.1,PUSH
MP,J7o,15,PUSH,0.8,PUSH
MP,J6o,15,PUSH,0.5,PUSH
MP,J5o,15,PUSH,0.2,PUSH
MP,J4o,15,FOLD,-0.2,PUSH
MP,J3o,15,FOLD,-0.5,PUSH
MP,J2o,15,FOLD,-0.8,PUSH
MP,T9s,15,PUSH,1.5,PUSH
MP,T8s,15,PUSH,1.2,PUSH
MP,T7s,15,PUSH,0.9,PUSH
MP,T6s,15,PUSH,0.6,PUSH
MP,T5s,15,PUSH,0.3,PUSH
MP,T4s,15,FOLD,-0.1,PUSH
MP,T3s,15,FOLD,-0.4,PUSH
MP,T2s,15,FOLD,-0.7,PUSH
MP,T9o,15,PUSH,1.3,PUSH
MP,T8o,15,PUSH,1.0,PUSH
MP,T7o,15,PUSH,0.7,PUSH
MP,T6o,15,PUSH,0.4,PUSH
MP,T5o,15,PUSH,0.1,PUSH
MP,T4o,15,FOLD,-0.3,PUSH
MP,T3o,15,FOLD,-0.6,PUSH
MP,T2o,15,FOLD,-0.9,PUSH
MP,98s,15,PUSH,1.1,PUSH
MP,97s,15,PUSH,0.8,PUSH
MP,96s,15,PUSH,0.5,PUSH
MP,95s,15,PUSH,0.2,PUSH
MP,94s,15,FOLD,-0.2,PUSH
MP,93s,15,FOLD,-0.5,PUSH
MP,92s,15,FOLD,-0.8,PUSH
MP,98o,15,PUSH,0.9,PUSH
MP,97o,15,PUSH,0.6,PUSH
MP,96o,15,PUSH,0.3,PUSH
MP,95o,15,FOLD,-0.1,PUSH
MP,94o,15,FOLD,-0.4,PUSH
MP,93o,15,FOLD,-0.7,PUSH
MP,92o,15,FOLD,-1.0,PUSH
MP,87s,15,PUSH,0.7,PUSH
MP,86s,15,PUSH,0.4,PUSH
MP,85s,15,PUSH,0.1,PUSH
MP,84s,15,FOLD,-0.3,PUSH
MP,83s,15,FOLD,-0.6,PUSH
MP,82s,15,FOLD,-0.9,PUSH
MP,87o,15,PUSH,0.5,PUSH
MP,86o,15,PUSH,0.2,PUSH
MP,85o,15,FOLD,-0.2,PUSH
MP,84o,15,FOLD,-0.5,PUSH
MP,83o,15,FOLD,-0.8,PUSH
MP,82o,15,FOLD,-1.1,PUSH
MP,76s,15,PUSH,0.3,PUSH
MP,75s,15,FOLD,-0.1,PUSH
MP,74s,15,FOLD,-0.4,PUSH
MP,73s,15,FOLD,-0.7,PUSH
MP,72s,15,FOLD,-1.0,PUSH
MP,76o,15,PUSH,0.1,PUSH
MP,75o,15,FOLD,-0.3,PUSH
MP,74o,15,FOLD,-0.6,PUSH
MP,73o,15,FOLD,-0.9,PUSH
MP,72o,15,FOLD,-1.2,PUSH
MP,65s,15,FOLD,-0.2,PUSH
MP,64s,15,FOLD,-0.5,PUSH
MP,63s,15,FOLD,-0.8,PUSH
MP,62s,15,FOLD,-1.1,PUSH
MP,65o,15,FOLD,-0.4,PUSH
MP,64o,15,FOLD,-0.7,PUSH
MP,63o,15,FOLD,-1.0,PUSH
MP,62o,15,FOLD,-1.3,PUSH
MP,54s,15,FOLD,-0.6,PUSH
MP,53s,15,FOLD,-0.9,PUSH
MP,52s,15,FOLD,-1.2,PUSH
MP,54o,15,FOLD,-0.8,PUSH
MP,53o,15,FOLD,-1.1,PUSH
MP,52o,15,FOLD,-1.4,PUSH
MP,43s,15,FOLD,-1.0,PUSH
MP,42s,15,FOLD,-1.3,PUSH
MP,43o,15,FOLD,-1.2,PUSH
MP,42o,15,FOLD,-1.5,PUSH
MP,32s,15,FOLD,-1.4,PUSH
MP,32o,15,FOLD,-1.6,PUSH
UTG1,AA,15,PUSH,3.3,PUSH
UTG1,KK,15,PUSH,3.0,PUSH
UTG1,QQ,15,PUSH,2.7,PUSH
UTG1,JJ,15,PUSH,2.4,PUSH
UTG1,TT,15,PUSH,2.1,PUSH
UTG1,99,15,PUSH,1.8,PUSH
UTG1,88,15,PUSH,1.5,PUSH
UTG1,77,15,PUSH,1.2,PUSH
UTG1,66,15,PUSH,0.9,PUSH
UTG1,55,15,FOLD,-0.1,PUSH
UTG1,44,15,FOLD,-0.4,PUSH
UTG1,33,15,FOLD,-0.6,PUSH
UTG1,22,15,FOLD,-0.8,PUSH
UTG1,AKs,15,PUSH,3.1,PUSH
UTG1,AQs,15,PUSH,2.8,PUSH
UTG1,AJs,15,PUSH,2.5,PUSH
UTG1,ATs,15,PUSH,2.2,PUSH
UTG1,A9s,15,PUSH,1.9,PUSH
UTG1,A8s,15,PUSH,1.6,PUSH
UTG1,A7s,15,PUSH,1.3,PUSH
UTG1,A6s,15,PUSH,1.0,PUSH
UTG1,A5s,15,PUSH,0.7,PUSH
UTG1,A4s,15,PUSH,0.4,PUSH
UTG1,A3s,15,PUSH,0.1,PUSH
UTG1,A2s,15,FOLD,-0.3,PUSH
UTG1,AKo,15,PUSH,2.9,PUSH
UTG1,AQo,15,PUSH,2.6,PUSH
UTG1,AJo,15,PUSH,2.3,PUSH
UTG1,ATo,15,PUSH,2.0,PUSH
UTG1,A9o,15,PUSH,1.7,PUSH
UTG1,A8o,15,PUSH,1.4,PUSH
UTG1,A7o,15,PUSH,1.1,PUSH
UTG1,A6o,15,PUSH,0.8,PUSH
UTG1,A5o,15,PUSH,0.5,PUSH
UTG1,A4o,15,PUSH,0.2,PUSH
UTG1,A3o,15,FOLD,-0.2,PUSH
UTG1,A2o,15,FOLD,-0.5,PUSH
UTG1,KQs,15,PUSH,2.4,PUSH
UTG1,KJs,15,PUSH,2.1,PUSH
UTG1,KTs,15,PUSH,1.8,PUSH
UTG1,K9s,15,PUSH,1.5,PUSH
UTG1,K8s,15,PUSH,1.2,PUSH
UTG1,K7s,15,PUSH,0.9,PUSH
UTG1,K6s,15,PUSH,0.6,PUSH
UTG1,K5s,15,PUSH,0.3,PUSH
UTG1,K4s,15,FOLD,-0.1,PUSH
UTG1,K3s,15,FOLD,-0.4,PUSH
UTG1,K2s,15,FOLD,-0.7,PUSH
UTG1,KQo,15,PUSH,2.2,PUSH
UTG1,KJo,15,PUSH,1.9,PUSH
UTG1,KTo,15,PUSH,1.6,PUSH
UTG1,K9o,15,PUSH,1.3,PUSH
UTG1,K8o,15,PUSH,1.0,PUSH
UTG1,K7o,15,PUSH,0.7,PUSH
UTG1,K6o,15,PUSH,0.4,PUSH
UTG1,K5o,15,PUSH,0.1,PUSH
UTG1,K4o,15,FOLD,-0.3,PUSH
UTG1,K3o,15,FOLD,-0.6,PUSH
UTG1,K2o,15,FOLD,-0.9,PUSH
UTG1,QJs,15,PUSH,2.0,PUSH
UTG1,QTs,15,PUSH,1.7,PUSH
UTG1,Q9s,15,PUSH,1.4,PUSH
UTG1,Q8s,15,PUSH,1.1,PUSH
UTG1,Q7s,15,PUSH,0.8,PUSH
UTG1,Q6s,15,PUSH,0.5,PUSH
UTG1,Q5s,15,PUSH,0.2,PUSH
UTG1,Q4s,15,FOLD,-0.2,PUSH
UTG1,Q3s,15,FOLD,-0.5,PUSH
UTG1,Q2s,15,FOLD,-0.8,PUSH
UTG1,QJo,15,PUSH,1.8,PUSH
UTG1,QTo,15,PUSH,1.5,PUSH
UTG1,Q9o,15,PUSH,1.2,PUSH
UTG1,Q8o,15,PUSH,0.9,PUSH
UTG1,Q7o,15,PUSH,0.6,PUSH
UTG1,Q6o,15,PUSH,0.3,PUSH
UTG1,Q5o,15,FOLD,-0.1,PUSH
UTG1,Q4o,15,FOLD,-0.4,PUSH
UTG1,Q3o,15,FOLD,-0.7,PUSH
UTG1,Q2o,15,FOLD,-1.0,PUSH
UTG1,JTs,15,PUSH,1.6,PUSH
UTG1,J9s,15,PUSH,1.3,PUSH
UTG1,J8s,15,PUSH,1.0,PUSH
UTG1,J7s,15,PUSH,0.7,PUSH
UTG1,J6s,15,PUSH,0.4,PUSH
UTG1,J5s,15,PUSH,0.1,PUSH
UTG1,J4s,15,FOLD,-0.3,PUSH
UTG1,J3s,15,FOLD,-0.6,PUSH
UTG1,J2s,15,FOLD,-0.9,PUSH
UTG1,JTo,15,PUSH,1.4,PUSH
UTG1,J9o,15,PUSH,1.1,PUSH
UTG1,J8o,15,PUSH,0.8,PUSH
UTG1,J7o,15,PUSH,0.5,PUSH
UTG1,J6o,15,PUSH,0.2,PUSH
UTG1,J5o,15,FOLD,-0.2,PUSH
UTG1,J4o,15,FOLD,-0.5,PUSH
UTG1,J3o,15,FOLD,-0.8,PUSH
UTG1,J2o,15,FOLD,-1.1,PUSH
UTG1,T9s,15,PUSH,1.2,PUSH
UTG1,T8s,15,PUSH,0.9,PUSH
UTG1,T7s,15,PUSH,0.6,PUSH
UTG1,T6s,15,PUSH,0.3,PUSH
UTG1,T5s,15,FOLD,-0.1,PUSH
UTG1,T4s,15,FOLD,-0.4,PUSH
UTG1,T3s,15,FOLD,-0.7,PUSH
UTG1,T2s,15,FOLD,-1.0,PUSH
UTG1,T9o,15,PUSH,1.0,PUSH
UTG1,T8o,15,PUSH,0.7,PUSH
UTG1,T7o,15,PUSH,0.4,PUSH
UTG1,T6o,15,PUSH,0.1,PUSH
UTG1,T5o,15,FOLD,-0.3,PUSH
UTG1,T4o,15,FOLD,-0.6,PUSH
UTG1,T3o,15,FOLD,-0.9,PUSH
UTG1,T2o,15,FOLD,-1.2,PUSH
UTG1,98s,15,PUSH,0.8,PUSH
UTG1,97s,15,PUSH,0.5,PUSH
UTG1,96s,15,PUSH,0.2,PUSH
UTG1,95s,15,FOLD,-0.2,PUSH
UTG1,94s,15,FOLD,-0.5,PUSH
UTG1,93s,15,FOLD,-0.8,PUSH
UTG1,92s,15,FOLD,-1.1,PUSH
UTG1,98o,15,PUSH,0.6,PUSH
UTG1,97o,15,PUSH,0.3,PUSH
UTG1,96o,15,FOLD,-0.1,PUSH
UTG1,95o,15,FOLD,-0.4,PUSH
UTG1,94o,15,FOLD,-0.7,PUSH
UTG1,93o,15,FOLD,-1.0,PUSH
UTG1,92o,15,FOLD,-1.3,PUSH
UTG1,87s,15,PUSH,0.4,PUSH
UTG1,86s,15,PUSH,0.1,PUSH
UTG1,85s,15,FOLD,-0.3,PUSH
UTG1,84s,15,FOLD,-0.6,PUSH
UTG1,83s,15,FOLD,-0.9,PUSH
UTG1,82s,15,FOLD,-1.2,PUSH
UTG1,87o,15,PUSH,0.2,PUSH
UTG1,86o,15,FOLD,-0.2,PUSH
UTG1,85o,15,FOLD,-0.5,PUSH
UTG1,84o,15,FOLD,-0.8,PUSH
UTG1,83o,15,FOLD,-1.1,PUSH
UTG1,82o,15,FOLD,-1.4,PUSH
UTG1,76s,15,FOLD,-0.1,PUSH
UTG1,75s,15,FOLD,-0.4,PUSH
UTG1,74s,15,FOLD,-0.7,PUSH
UTG1,73s,15,FOLD,-1.0,PUSH
UTG1,72s,15,FOLD,-1.3,PUSH
UTG1,76o,15,FOLD,-0.3,PUSH
UTG1,75o,15,FOLD,-0.6,PUSH
UTG1,74o,15,FOLD,-0.9,PUSH
UTG1,73o,15,FOLD,-1.2,PUSH
UTG1,72o,15,FOLD,-1.5,PUSH
UTG1,65s,15,FOLD,-0.5,PUSH
UTG1,64s,15,FOLD,-0.8,PUSH
UTG1,63s,15,FOLD,-1.1,PUSH
UTG1,62s,15,FOLD,-1.4,PUSH
UTG1,65o,15,FOLD,-0.7,PUSH
UTG1,64o,15,FOLD,-1.0,PUSH
UTG1,63o,15,FOLD,-1.3,PUSH
UTG1,62o,15,FOLD,-1.6,PUSH
UTG1,54s,15,FOLD,-0.9,PUSH
UTG1,53s,15,FOLD,-1.2,PUSH
UTG1,52s,15,FOLD,-1.5,PUSH
UTG1,54o,15,FOLD,-1.1,PUSH
UTG1,53o,15,FOLD,-1.4,PUSH
UTG1,52o,15,FOLD,-1.7,PUSH
UTG1,43s,15,FOLD,-1.3,PUSH
UTG1,42s,15,FOLD,-1.6,PUSH
UTG1,43o,15,FOLD,-1.5,PUSH
UTG1,42o,15,FOLD,-1.8,PUSH
UTG1,32s,15,FOLD,-1.7,PUSH
UTG1,32o,15,FOLD,-1.9,PUSH
UTG,AA,15,PUSH,3.0,PUSH
UTG,KK,15,PUSH,2.7,PUSH
UTG,QQ,15,PUSH,2.4,PUSH
UTG,JJ,15,PUSH,2.1,PUSH
UTG,TT,15,PUSH,1.8,PUSH
UTG,99,15,PUSH,1.5,PUSH
UTG,88,15,PUSH,1.2,PUSH
UTG,77,15,PUSH,0.9,PUSH
UTG,66,15,FOLD,-0.1,PUSH
UTG,55,15,FOLD,-0.4,PUSH
UTG,44,15,FOLD,-0.7,PUSH
UTG,33,15,FOLD,-0.9,PUSH
UTG,22,15,FOLD,-1.1,PUSH
UTG,AKs,15,PUSH,2.8,PUSH
UTG,AQs,15,PUSH,2.5,PUSH
UTG,AJs,15,PUSH,2.2,PUSH
UTG,ATs,15,PUSH,1.9,PUSH
UTG,A9s,15,PUSH,1.6,PUSH
UTG,A8s,15,PUSH,1.3,PUSH
UTG,A7s,15,PUSH,1.0,PUSH
UTG,A6s,15,PUSH,0.7,PUSH
UTG,A5s,15,PUSH,0.4,PUSH
UTG,A4s,15,FOLD,-0.1,PUSH
UTG,A3s,15,FOLD,-0.4,PUSH
UTG,A2s,15,FOLD,-0.6,PUSH
UTG,AKo,15,PUSH,2.6,PUSH
UTG,AQo,15,PUSH,2.3,PUSH
UTG,AJo,15,PUSH,2.0,PUSH
UTG,ATo,15,PUSH,1.7,PUSH
UTG,A9o,15,PUSH,1.4,PUSH
UTG,A8o,15,PUSH,1.1,PUSH
UTG,A7o,15,PUSH,0.8,PUSH
UTG,A6o,15,PUSH,0.5,PUSH
UTG,A5o,15,PUSH,0.2,PUSH
UTG,A4o,15,FOLD,-0.2,PUSH
UTG,A3o,15,FOLD,-0.5,PUSH
UTG,A2o,15,FOLD,-0.8,PUSH
UTG,KQs,15,PUSH,2.1,PUSH
UTG,KJs,15,PUSH,1.8,PUSH
UTG,KTs,15,PUSH,1.5,PUSH
UTG,K9s,15,PUSH,1.2,PUSH
UTG,K8s,15,PUSH,0.9,PUSH
UTG,K7s,15,PUSH,0.6,PUSH
UTG,K6s,15,PUSH,0.3,PUSH
UTG,K5s,15,FOLD,-0.1,PUSH
UTG,K4s,15,FOLD,-0.4,PUSH
UTG,K3s,15,FOLD,-0.7,PUSH
UTG,K2s,15,FOLD,-1.0,PUSH
UTG,KQo,15,PUSH,1.9,PUSH
UTG,KJo,15,PUSH,1.6,PUSH
UTG,KTo,15,PUSH,1.3,PUSH
UTG,K9o,15,PUSH,1.0,PUSH
UTG,K8o,15,PUSH,0.7,PUSH
UTG,K7o,15,PUSH,0.4,PUSH
UTG,K6o,15,PUSH,0.1,PUSH
UTG,K5o,15,FOLD,-0.3,PUSH
UTG,K4o,15,FOLD,-0.6,PUSH
UTG,K3o,15,FOLD,-0.9,PUSH
UTG,K2o,15,FOLD,-1.2,PUSH
UTG,QJs,15,PUSH,1.7,PUSH
UTG,QTs,15,PUSH,1.4,PUSH
UTG,Q9s,15,PUSH,1.1,PUSH
UTG,Q8s,15,PUSH,0.8,PUSH
UTG,Q7s,15,PUSH,0.5,PUSH
UTG,Q6s,15,PUSH,0.2,PUSH
UTG,Q5s,15,FOLD,-0.2,PUSH
UTG,Q4s,15,FOLD,-0.5,PUSH
UTG,Q3s,15,FOLD,-0.8,PUSH
UTG,Q2s,15,FOLD,-1.1,PUSH
UTG,QJo,15,PUSH,1.5,PUSH
UTG,QTo,15,PUSH,1.2,PUSH
UTG,Q9o,15,PUSH,0.9,PUSH
UTG,Q8o,15,PUSH,0.6,PUSH
UTG,Q7o,15,PUSH,0.3,PUSH
UTG,Q6o,15,FOLD,-0.1,PUSH
UTG,Q5o,15,FOLD,-0.4,PUSH
UTG,Q4o,15,FOLD,-0.7,PUSH
UTG,Q3o,15,FOLD,-1.0,PUSH
UTG,Q2o,15,FOLD,-1.3,PUSH
UTG,JTs,15,PUSH,1.3,PUSH
UTG,J9s,15,PUSH,1.0,PUSH
UTG,J8s,15,PUSH,0.7,PUSH
UTG,J7s,15,PUSH,0.4,PUSH
UTG,J6s,15,PUSH,0.1,PUSH
UTG,J5s,15,FOLD,-0.3,PUSH
UTG,J4s,15,FOLD,-0.6,PUSH
UTG,J3s,15,FOLD,-0.9,PUSH
UTG,J2s,15,FOLD,-1.2,PUSH
UTG,JTo,15,PUSH,1.1,PUSH
UTG,J9o,15,PUSH,0.8,PUSH
UTG,J8o,15,PUSH,0.5,PUSH
UTG,J7o,15,PUSH,0.2,PUSH
UTG,J6o,15,FOLD,-0.2,PUSH
UTG,J5o,15,FOLD,-0.5,PUSH
UTG,J4o,15,FOLD,-0.8,PUSH
UTG,J3o,15,FOLD,-1.1,PUSH
UTG,J2o,15,FOLD,-1.4,PUSH
UTG,T9s,15,PUSH,0.9,PUSH
UTG,T8s,15,PUSH,0.6,PUSH
UTG,T7s,15,PUSH,0.3,PUSH
UTG,T6s,15,FOLD,-0.1,PUSH
UTG,T5s,15,FOLD,-0.4,PUSH
UTG,T4s,15,FOLD,-0.7,PUSH
UTG,T3s,15,FOLD,-1.0,PUSH
UTG,T2s,15,FOLD,-1.3,PUSH
UTG,T9o,15,PUSH,0.7,PUSH
UTG,T8o,15,PUSH,0.4,PUSH
UTG,T7o,15,PUSH,0.1,PUSH
UTG,T6o,15,FOLD,-0.3,PUSH
UTG,T5o,15,FOLD,-0.6,PUSH
UTG,T4o,15,FOLD,-0.9,PUSH
UTG,T3o,15,FOLD,-1.2,PUSH
UTG,T2o,15,FOLD,-1.5,PUSH
UTG,98s,15,PUSH,0.5,PUSH
UTG,97s,15,PUSH,0.2,PUSH
UTG,96s,15,FOLD,-0.2,PUSH
UTG,95s,15,FOLD,-0.5,PUSH
UTG,94s,15,FOLD,-0.8,PUSH
UTG,93s,15,FOLD,-1.1,PUSH
UTG,92s,15,FOLD,-1.4,PUSH
UTG,98o,15,PUSH,0.3,PUSH
UTG,97o,15,FOLD,-0.1,PUSH
UTG,96o,15,FOLD,-0.4,PUSH
UTG,95o,15,FOLD,-0.7,PUSH
UTG,94o,15,FOLD,-1.0,PUSH
UTG,93o,15,FOLD,-1.3,PUSH
UTG,92o,15,FOLD,-1.6,PUSH
UTG,87s,15,PUSH,0.1,PUSH
UTG,86s,15,FOLD,-0.3,PUSH
UTG,85s,15,FOLD,-0.6,PUSH
UTG,84s,15,FOLD,-0.9,PUSH
UTG,83s,15,FOLD,-1.2,PUSH
UTG,82s,15,FOLD,-1.5,PUSH
UTG,87o,15,FOLD,-0.2,PUSH
UTG,86o,15,FOLD,-0.5,PUSH
UTG,85o,15,FOLD,-0.8,PUSH
UTG,84o,15,FOLD,-1.1,PUSH
UTG,83o,15,FOLD,-1.4,PUSH
UTG,82o,15,FOLD,-1.7,PUSH
UTG,76s,15,FOLD,-0.4,PUSH
UTG,75s,15,FOLD,-0.7,PUSH
UTG,74s,15,FOLD,-1.0,PUSH
UTG,73s,15,FOLD,-1.3,PUSH
UTG,72s,15,FOLD,-1.6,PUSH
UTG,76o,15,FOLD,-0.6,PUSH
UTG,75o,15,FOLD,-0.9,PUSH
UTG,74o,15,FOLD,-1.2,PUSH
UTG,73o,15,FOLD,-1.5,PUSH
UTG,72o,15,FOLD,-1.8,PUSH
UTG,65s,15,FOLD,-0.8,PUSH
UTG,64s,15,FOLD,-1.1,PUSH
UTG,63s,15,FOLD,-1.4,PUSH
UTG,62s,15,FOLD,-1.7,PUSH
UTG,65o,15,FOLD,-1.0,PUSH
UTG,64o,15,FOLD,-1.3,PUSH
UTG,63o,15,FOLD,-1.6,PUSH
UTG,62o,15,FOLD,-1.9,PUSH
UTG,54s,15,FOLD,-1.2,PUSH
UTG,53s,15,FOLD,-1.5,PUSH
UTG,52s,15,FOLD,-1.8,PUSH
UTG,54o,15,FOLD,-1.4,PUSH
UTG,53o,15,FOLD,-1.7,PUSH
UTG,52o,15,FOLD,-2.0,PUSH
UTG,43s,15,FOLD,-1.6,PUSH
UTG,42s,15,FOLD,-1.9,PUSH
UTG,43o,15,FOLD,-1.8,PUSH
UTG,42o,15,FOLD,-2.1,PUSH
UTG,32s,15,FOLD,-2.0,PUSH
UTG,32o,15,FOLD,-2.2,PUSH
BB,AA,15,PUSH,2.7,PUSH
BB,KK,15,PUSH,2.4,PUSH
BB,QQ,15,PUSH,2.1,PUSH
BB,JJ,15,PUSH,1.8,PUSH
BB,TT,15,PUSH,1.5,PUSH
BB,99,15,PUSH,1.2,PUSH
BB,88,15,PUSH,0.9,PUSH
BB,77,15,PUSH,0.6,PUSH
BB,66,15,FOLD,-0.2,PUSH
BB,55,15,FOLD,-0.5,PUSH
BB,44,15,FOLD,-0.8,PUSH
BB,33,15,FOLD,-1.0,PUSH
BB,22,15,FOLD,-1.2,PUSH
BB,AKs,15,PUSH,2.5,PUSH
BB,AQs,15,PUSH,2.2,PUSH
BB,AJs,15,PUSH,1.9,PUSH
BB,ATs,15,PUSH,1.6,PUSH
BB,A9s,15,PUSH,1.3,PUSH
BB,A8s,15,PUSH,1.0,PUSH
BB,A7s,15,PUSH,0.7,PUSH
BB,A6s,15,PUSH,0.4,PUSH
BB,A5s,15,PUSH,0.1,PUSH
BB,A4s,15,FOLD,-0.3,PUSH
BB,A3s,15,FOLD,-0.6,PUSH
BB,A2s,15,FOLD,-0.8,PUSH
BB,AKo,15,PUSH,2.3,PUSH
BB,AQo,15,PUSH,2.0,PUSH
BB,AJo,15,PUSH,1.7,PUSH
BB,ATo,15,PUSH,1.4,PUSH
BB,A9o,15,PUSH,1.1,PUSH
BB,A8o,15,PUSH,0.8,PUSH
BB,A7o,15,PUSH,0.5,PUSH
BB,A6o,15,PUSH,0.2,PUSH
BB,A5o,15,FOLD,-0.2,PUSH
BB,A4o,15,FOLD,-0.5,PUSH
BB,A3o,15,FOLD,-0.8,PUSH
BB,A2o,15,FOLD,-1.0,PUSH
BB,KQs,15,PUSH,1.8,PUSH
BB,KJs,15,PUSH,1.5,PUSH
BB,KTs,15,PUSH,1.2,PUSH
BB,K9s,15,PUSH,0.9,PUSH
BB,K8s,15,PUSH,0.6,PUSH
BB,K7s,15,PUSH,0.3,PUSH
BB,K6s,15,FOLD,-0.1,PUSH
BB,K5s,15,FOLD,-0.4,PUSH
BB,K4s,15,FOLD,-0.7,PUSH
BB,K3s,15,FOLD,-1.0,PUSH
BB,K2s,15,FOLD,-1.2,PUSH
BB,KQo,15,PUSH,1.6,PUSH
BB,KJo,15,PUSH,1.3,PUSH
BB,KTo,15,PUSH,1.0,PUSH
BB,K9o,15,PUSH,0.7,PUSH
BB,K8o,15,PUSH,0.4,PUSH
BB,K7o,15,PUSH,0.1,PUSH
BB,K6o,15,FOLD,-0.3,PUSH
BB,K5o,15,FOLD,-0.6,PUSH
BB,K4o,15,FOLD,-0.9,PUSH
BB,K3o,15,FOLD,-1.2,PUSH
BB,K2o,15,FOLD,-1.4,PUSH
BB,QJs,15,PUSH,1.4,PUSH
BB,QTs,15,PUSH,1.1,PUSH
BB,Q9s,15,PUSH,0.8,PUSH
BB,Q8s,15,PUSH,0.5,PUSH
BB,Q7s,15,PUSH,0.2,PUSH
BB,Q6s,15,FOLD,-0.2,PUSH
BB,Q5s,15,FOLD,-0.5,PUSH
BB,Q4s,15,FOLD,-0.8,PUSH
BB,Q3s,15,FOLD,-1.1,PUSH
BB,Q2s,15,FOLD,-1.3,PUSH
BB,QJo,15,PUSH,1.2,PUSH
BB,QTo,15,PUSH,0.9,PUSH
BB,Q9o,15,PUSH,0.6,PUSH
BB,Q8o,15,PUSH,0.3,PUSH
BB,Q7o,15,FOLD,-0.1,PUSH
BB,Q6o,15,FOLD,-0.4,PUSH
BB,Q5o,15,FOLD,-0.7,PUSH
BB,Q4o,15,FOLD,-1.0,PUSH
BB,Q3o,15,FOLD,-1.3,PUSH
BB,Q2o,15,FOLD,-1.5,PUSH
BB,JTs,15,PUSH,1.0,PUSH
BB,J9s,15,PUSH,0.7,PUSH
BB,J8s,15,PUSH,0.4,PUSH
BB,J7s,15,PUSH,0.1,PUSH
BB,J6s,15,FOLD,-0.3,PUSH
BB,J5s,15,FOLD,-0.6,PUSH
BB,J4s,15,FOLD,-0.9,PUSH
BB,J3s,15,FOLD,-1.2,PUSH
BB,J2s,15,FOLD,-1.4,PUSH
BB,JTo,15,PUSH,0.8,PUSH
BB,J9o,15,PUSH,0.5,PUSH
BB,J8o,15,PUSH,0.2,PUSH
BB,J7o,15,FOLD,-0.2,PUSH
BB,J6o,15,FOLD,-0.5,PUSH
BB,J5o,15,FOLD,-0.8,PUSH
BB,J4o,15,FOLD,-1.1,PUSH
BB,J3o,15,FOLD,-1.4,PUSH
BB,J2o,15,FOLD,-1.6,PUSH
BB,T9s,15,PUSH,0.6,PUSH
BB,T8s,15,PUSH,0.3,PUSH
BB,T7s,15,FOLD,-0.1,PUSH
BB,T6s,15,FOLD,-0.4,PUSH
BB,T5s,15,FOLD,-0.7,PUSH
BB,T4s,15,FOLD,-1.0,PUSH
BB,T3s,15,FOLD,-1.3,PUSH
BB,T2s,15,FOLD,-1.5,PUSH
BB,T9o,15,PUSH,0.4,PUSH
BB,T8o,15,PUSH,0.1,PUSH
BB,T7o,15,FOLD,-0.3,PUSH
BB,T6o,15,FOLD,-0.6,PUSH
BB,T5o,15,FOLD,-0.9,PUSH
BB,T4o,15,FOLD,-1.2,PUSH
BB,T3o,15,FOLD,-1.5,PUSH
BB,T2o,15,FOLD,-1.7,PUSH
BB,98s,15,PUSH,0.2,PUSH
BB,97s,15,FOLD,-0.2,PUSH
BB,96s,15,FOLD,-0.5,PUSH
BB,95s,15,FOLD,-0.8,PUSH
BB,94s,15,FOLD,-1.1,PUSH
BB,93s,15,FOLD,-1.4,PUSH
BB,92s,15,FOLD,-1.6,PUSH
BB,98o,15,FOLD,-0.1,PUSH
BB,97o,15,FOLD,-0.4,PUSH
BB,96o,15,FOLD,-0.7,PUSH
BB,95o,15,FOLD,-1.0,PUSH
BB,94o,15,FOLD,-1.3,PUSH
BB,93o,15,FOLD,-1.6,PUSH
BB,92o,15,FOLD,-1.8,PUSH
BB,87s,15,FOLD,-0.3,PUSH
BB,86s,15,FOLD,-0.6,PUSH
BB,85s,15,FOLD,-0.9,PUSH
BB,84s,15,FOLD,-1.2,PUSH
BB,83s,15,FOLD,-1.5,PUSH
BB,82s,15,FOLD,-1.7,PUSH
BB,87o,15,FOLD,-0.5,PUSH
BB,86o,15,FOLD,-0.8,PUSH
BB,85o,15,FOLD,-1.1,PUSH
BB,84o,15,FOLD,-1.4,PUSH
BB,83o,15,FOLD,-1.7,PUSH
BB,82o,15,FOLD,-1.9,PUSH
BB,76s,15,FOLD,-0.7,PUSH
BB,75s,15,FOLD,-1.0,PUSH
BB,74s,15,FOLD,-1.3,PUSH
BB,73s,15,FOLD,-1.6,PUSH
BB,72s,15,FOLD,-1.8,PUSH
BB,76o,15,FOLD,-0.9,PUSH
BB,75o,15,FOLD,-1.2,PUSH
BB,74o,15,FOLD,-1.5,PUSH
BB,73o,15,FOLD,-1.8,PUSH
BB,72o,15,FOLD,-2.0,PUSH
BB,65s,15,FOLD,-1.1,PUSH
BB,64s,15,FOLD,-1.4,PUSH
BB,63s,15,FOLD,-1.7,PUSH
BB,62s,15,FOLD,-1.9,PUSH
BB,65o,15,FOLD,-1.3,PUSH
BB,64o,15,FOLD,-1.6,PUSH
BB,63o,15,FOLD,-1.9,PUSH
BB,62o,15,FOLD,-2.1,PUSH
BB,54s,15,FOLD,-1.5,PUSH
BB,53s,15,FOLD,-1.8,PUSH
BB,52s,15,FOLD,-2.0,PUSH
BB,54o,15,FOLD,-1.7,PUSH
BB,53o,15,FOLD,-2.0,PUSH
BB,52o,15,FOLD,-2.2,PUSH
BB,43s,15,FOLD,-1.9,PUSH
BB,42s,15,FOLD,-2.1,PUSH
BB,43o,15,FOLD,-2.1,PUSH
BB,42o,15,FOLD,-2.3,PUSH
BB,32s,15,FOLD,-2.2,PUSH
BB,32o,15,FOLD,-2.4,PUSH
